{"cameraMode":{"drawMode":0,"name":"Shaded","section":"Shading Mode"},"sceneLighting":true,"audioPlay":false,"sceneViewState":{"showFog":true,"showMaterialUpdate":false,"showSkybox":true,"showFlares":true,"showImageEffects":true,"showParticleSystems":true},"in2DMode":false,"pivot":{"x":3.7422146797180177,"y":5.901123046875,"z":-1.004460334777832},"rotation":{"x":0.23952233791351319,"y":0.20353004336357118,"z":-0.05142812430858612,"w":0.947925329208374},"size":7.030693531036377,"orthographic":true}