{"cameraMode":{"drawMode":0,"name":"Shaded","section":"Shading Mode"},"sceneLighting":true,"audioPlay":false,"sceneViewState":{"showFog":true,"showMaterialUpdate":false,"showSkybox":true,"showFlares":true,"showImageEffects":true,"showParticleSystems":true},"in2DMode":false,"pivot":{"x":0.5561144351959229,"y":0.6547584533691406,"z":36.322715759277347},"rotation":{"x":0.03277258574962616,"y":-0.11599870026111603,"z":0.0038244896568357946,"w":0.9927495718002319},"size":1.083927035331726,"orthographic":true}