{"cameraMode":{"drawMode":0,"name":"Shaded","section":"Shading Mode"},"sceneLighting":true,"audioPlay":false,"sceneViewState":{"showFog":true,"showMaterialUpdate":false,"showSkybox":true,"showFlares":true,"showImageEffects":true,"showParticleSystems":true},"in2DMode":false,"pivot":{"x":-23.1922550201416,"y":11.463825225830079,"z":50.7798957824707},"rotation":{"x":-0.22277452051639558,"y":0.6001806259155273,"z":-0.1789696216583252,"w":-0.7470797300338745},"size":74.04093933105469,"orthographic":true}